age_group,body_mass_index,blood_glucose,oral_glucose_tolerance,blood_insulin
Adult,23.2,89.0,68.0,6.14
Adult,38.7,94.0,202.0,21.11
Adult,38.3,107.0,164.0,20.93
Adult,32.7,98.0,80.0,7.16
Senior,22.1,114.0,150.0,10.09
Adult,37.8,96.0,120.0,9.61
Senior,46.1,139.0,154.0,42.67
Adult,21.0,86.0,84.0,4.47
Adult,37.6,105.0,72.0,15.98
Adult,18.0,96.0,83.0,10.8
Adult,26.4,87.0,67.0,6.43
Adult,26.4,105.0,79.0,11.73
Adult,27.5,90.0,93.0,8.12
Adult,37.5,88.0,78.0,19.2
Adult,26.5,94.0,82.0,9.36
Adult,21.1,111.0,170.0,10.88
Adult,27.3,90.0,185.0,14.5
Adult,20.6,69.0,74.0,19.12
Adult,18.1,98.0,85.0,6.69
Adult,24.9,88.0,96.0,4.02
Adult,30.2,104.0,138.0,9.99
Adult,23.0,83.0,82.0,7.64
Adult,26.3,87.0,155.0,4.72
Adult,28.6,107.0,136.0,8.82
Adult,42.1,95.0,76.0,41.31
Adult,29.4,89.0,98.0,21.35
Adult,39.2,101.0,76.0,22.6
Adult,31.9,90.0,89.0,37.67
Adult,25.4,90.0,215.0,2.1
Adult,26.4,98.0,96.0,8.89
Adult,18.4,81.0,76.0,4.69
Adult,23.5,100.0,98.0,4.74
Senior,26.2,95.0,81.0,4.68
Adult,39.0,107.0,143.0,18.95
Adult,23.7,98.0,100.0,3.62
Adult,26.4,107.0,103.0,11.09
Adult,29.9,103.0,92.0,8.07
Adult,34.2,97.0,178.0,12.25
Adult,40.7,95.0,64.0,15.79
Adult,27.3,84.0,106.0,3.27
Adult,23.9,99.0,119.0,6.0
Adult,28.7,107.0,67.0,3.78
Adult,24.3,97.0,108.0,6.41
Adult,21.3,96.0,103.0,11.86
Adult,49.2,97.0,120.0,9.84
Adult,30.6,104.0,71.0,16.22
Adult,19.7,106.0,94.0,11.0
Adult,31.8,96.0,97.0,8.9
Adult,16.8,96.0,86.0,6.26
Adult,21.1,100.0,83.0,12.22
Senior,27.9,85.0,141.0,6.43
Senior,31.4,125.0,175.0,13.59
Adult,28.5,110.0,87.0,12.94
Adult,25.8,110.0,126.0,15.17
Adult,25.0,80.0,63.0,4.88
Senior,35.7,117.0,147.0,20.85
Adult,25.1,99.0,86.0,6.34
Adult,25.2,92.0,106.0,8.81
Adult,28.5,92.0,89.0,4.39
Adult,33.6,109.0,126.0,16.94
Adult,30.0,114.0,112.0,20.18
Adult,43.3,110.0,121.0,18.35
Adult,32.6,92.0,116.0,17.93
Senior,30.4,124.0,161.0,10.05
Adult,44.1,90.0,129.0,61.98
Senior,44.6,208.0,315.0,14.45
Adult,33.0,86.0,109.0,11.49
Senior,23.9,107.0,161.0,4.21
Adult,40.0,95.0,140.0,21.0
Adult,29.2,85.0,92.0,7.12
Adult,26.8,87.0,87.0,4.87
Adult,29.3,105.0,131.0,10.76
Adult,31.2,91.0,89.0,5.58
Adult,33.3,127.0,75.0,30.52
Senior,24.2,96.0,135.0,5.94
Senior,27.3,118.0,154.0,14.44
Adult,22.2,85.0,72.0,4.93
Adult,20.5,97.0,86.0,3.94
Adult,27.9,94.0,83.0,14.8
Adult,41.0,95.0,113.0,77.27
Adult,24.6,103.0,113.0,8.55
Adult,27.0,90.0,110.0,2.91
Adult,34.6,83.0,102.0,15.11
Adult,20.3,106.0,129.0,8.91
Adult,34.8,95.0,110.0,9.23
Adult,22.5,89.0,81.0,11.57
Adult,25.2,107.0,128.0,10.08
Adult,45.7,89.0,107.0,47.19
Adult,20.0,115.0,140.0,14.41
Adult,27.5,94.0,100.0,14.67
Adult,27.7,90.0,103.0,9.92
Adult,29.8,103.0,139.0,26.73
Adult,30.3,94.0,101.0,12.51
Adult,23.6,85.0,81.0,11.61
Adult,32.1,107.0,78.0,19.46
Adult,35.9,103.0,136.0,8.97
Adult,31.8,100.0,93.0,12.38
Adult,24.6,90.0,82.0,22.26
Adult,27.2,103.0,101.0,7.13
Adult,68.6,91.0,114.0,28.39
Adult,33.6,95.0,149.0,9.2
Adult,25.4,97.0,108.0,4.25
Senior,28.2,83.0,119.0,3.59
Adult,35.1,81.0,78.0,12.33
Adult,27.2,118.0,150.0,10.43
Adult,24.2,87.0,112.0,16.17
Adult,36.4,100.0,96.0,34.71
Adult,30.3,100.0,134.0,24.64
Adult,23.8,95.0,112.0,18.74
Adult,34.3,103.0,84.0,6.33
Adult,37.2,92.0,93.0,20.2
Adult,26.6,98.0,118.0,14.06
Adult,36.8,95.0,125.0,36.42
Adult,14.6,101.0,102.0,7.1
Adult,18.9,93.0,78.0,2.65
Adult,33.7,97.0,103.0,17.71
Adult,30.0,94.0,91.0,7.57
Adult,31.1,98.0,60.0,14.52
Adult,42.4,95.0,140.0,64.75
Adult,20.7,96.0,92.0,5.11
Adult,37.4,105.0,146.0,16.19
Adult,36.0,102.0,79.0,15.09
Adult,29.8,115.0,86.0,8.4
Adult,30.4,107.0,97.0,18.33
Adult,21.3,104.0,76.0,4.96
Adult,37.0,103.0,182.0,8.18
Senior,31.5,122.0,177.0,16.45
Adult,24.1,95.0,95.0,6.82
Adult,50.7,116.0,109.0,12.57
Adult,28.6,133.0,249.0,23.56
Adult,21.2,87.0,85.0,6.76
Adult,39.9,97.0,199.0,28.89
Adult,22.8,97.0,99.0,3.44
Adult,25.4,87.0,108.0,4.36
Adult,21.1,110.0,66.0,4.24
Adult,19.6,93.0,85.0,6.48
Adult,31.1,103.0,126.0,35.09
Adult,33.5,94.0,75.0,41.38
Senior,33.2,95.0,92.0,6.87
Senior,25.4,99.0,118.0,8.2
Adult,27.0,93.0,85.0,8.23
Adult,26.3,100.0,141.0,15.26
Adult,31.9,98.0,107.0,25.39
Adult,22.0,96.0,118.0,9.66
Adult,29.1,93.0,126.0,9.4
Senior,25.6,82.0,123.0,6.5
Adult,34.0,102.0,91.0,10.67
Adult,37.0,88.0,75.0,37.08
Adult,35.8,91.0,85.0,23.83
Adult,21.3,94.0,91.0,9.6
Adult,27.0,94.0,103.0,11.24
Adult,28.7,87.0,88.0,2.19
Adult,26.1,86.0,84.0,6.42
Adult,29.2,99.0,146.0,10.55
Adult,34.8,104.0,93.0,12.52
Adult,23.6,91.0,104.0,6.84
Adult,21.7,91.0,78.0,7.2
Adult,41.1,96.0,93.0,17.4
Adult,19.6,84.0,68.0,3.99
Adult,19.6,98.0,99.0,4.28
Adult,28.7,99.0,125.0,13.18
Adult,20.6,96.0,90.0,7.94
Senior,25.1,104.0,108.0,3.72
Senior,31.6,83.0,132.0,18.12
Senior,30.6,101.0,233.0,9.77
Adult,23.8,85.0,80.0,2.53
Adult,21.9,98.0,111.0,10.05
Adult,23.3,98.0,135.0,16.37
Adult,32.2,93.0,101.0,21.3
Adult,31.3,99.0,110.0,20.14
Adult,28.6,96.0,66.0,8.29
Senior,25.0,99.0,134.0,6.89
Adult,26.4,80.0,60.0,4.58
Adult,25.1,77.0,91.0,3.85
Senior,21.6,86.0,126.0,1.02
Senior,21.5,99.0,91.0,6.22
Senior,20.3,92.0,119.0,14.31
Senior,27.4,106.0,155.0,17.44
Adult,37.7,131.0,156.0,21.78
Adult,28.2,90.0,119.0,20.03
Adult,26.9,94.0,83.0,5.27
Adult,28.5,115.0,125.0,5.82
Adult,38.7,97.0,106.0,17.32
Senior,25.9,107.0,117.0,15.39
Adult,34.0,102.0,205.0,26.18
Adult,26.0,131.0,128.0,14.48
Senior,32.4,94.0,124.0,11.48
Adult,50.5,93.0,101.0,18.88
Senior,28.2,100.0,139.0,10.58
Adult,28.7,89.0,107.0,11.61
Senior,28.6,99.0,139.0,8.45
Adult,30.0,93.0,127.0,12.43
Senior,25.3,119.0,200.0,17.78
Adult,20.2,90.0,142.0,7.01
Adult,27.5,112.0,57.0,6.39
Adult,35.9,106.0,104.0,25.95
Adult,26.1,121.0,121.0,11.19
Adult,34.2,106.0,139.0,29.35
Adult,31.4,97.0,99.0,7.27
Adult,26.7,84.0,96.0,8.56
Adult,36.2,113.0,204.0,19.12
Senior,31.3,94.0,91.0,8.38
Adult,23.6,92.0,92.0,7.95
Adult,24.4,85.0,92.0,6.14
Adult,20.5,86.0,87.0,7.45
Adult,21.5,105.0,149.0,7.44
Adult,22.4,92.0,96.0,2.26
Adult,22.7,90.0,94.0,16.76
Adult,31.0,105.0,132.0,24.61
Adult,29.0,250.0,352.0,4.86
Adult,32.2,88.0,86.0,14.36
Adult,27.5,108.0,111.0,11.67
Senior,22.4,102.0,211.0,6.33
Adult,22.1,102.0,109.0,8.96
Adult,23.0,96.0,91.0,8.74
Adult,38.3,96.0,100.0,8.1
Senior,29.1,95.0,143.0,10.77
Adult,24.7,102.0,84.0,9.52
Adult,18.8,104.0,82.0,4.48
Senior,26.2,95.0,219.0,20.96
Adult,24.7,103.0,129.0,6.91
Adult,23.4,93.0,99.0,2.1
Adult,31.2,104.0,116.0,15.59
Adult,26.8,99.0,122.0,14.06
Adult,27.7,114.0,140.0,16.93
Senior,23.9,98.0,124.0,11.06
Adult,25.2,101.0,95.0,5.33
Adult,21.2,74.0,57.0,1.95
Adult,19.8,95.0,111.0,5.22
Senior,33.8,98.0,131.0,8.68
Senior,26.6,95.0,102.0,5.15
Senior,25.0,110.0,153.0,5.19
Adult,27.8,100.0,98.0,13.04
Adult,24.3,109.0,135.0,9.0
Senior,28.0,125.0,184.0,21.9
Adult,22.9,103.0,98.0,13.82
Adult,29.3,81.0,88.0,5.91
Adult,24.8,103.0,52.0,3.92
Adult,19.5,82.0,95.0,7.46
Adult,25.6,87.0,82.0,13.9
Senior,31.3,106.0,107.0,9.81
Adult,23.0,94.0,131.0,6.2
Adult,20.3,99.0,107.0,14.74
Adult,23.7,89.0,109.0,2.22
Adult,28.0,120.0,204.0,26.85
Adult,27.8,128.0,185.0,10.88
Adult,45.1,89.0,146.0,34.38
Adult,16.9,95.0,107.0,7.34
Adult,39.4,87.0,88.0,50.38
Senior,24.7,101.0,176.0,3.74
Adult,30.2,121.0,67.0,7.71
Adult,33.5,97.0,105.0,13.61
Adult,27.6,104.0,48.0,15.6
Adult,37.2,111.0,116.0,34.11
Adult,36.1,94.0,118.0,7.31
Adult,21.7,89.0,96.0,15.95
Adult,23.0,90.0,91.0,4.86
Adult,37.2,94.0,122.0,8.77
Adult,31.3,100.0,108.0,8.44
Senior,29.3,89.0,91.0,6.33
Adult,21.5,102.0,91.0,18.43
Adult,30.1,97.0,87.0,8.4
Adult,22.7,107.0,82.0,5.28
Adult,36.1,101.0,99.0,30.31
Adult,25.8,92.0,98.0,16.09
Adult,20.3,78.0,93.0,7.55
Adult,26.1,93.0,78.0,7.59
Adult,21.8,94.0,161.0,3.79
Adult,28.2,84.0,86.0,6.24
Senior,28.8,108.0,204.0,12.19
Adult,19.3,93.0,105.0,5.14
Adult,22.2,100.0,92.0,9.63
Adult,34.7,107.0,181.0,14.94
Adult,23.1,99.0,90.0,15.78
Adult,31.2,84.0,116.0,8.37
Adult,16.1,96.0,197.0,8.57
Adult,21.4,94.0,68.0,7.13
Adult,24.4,85.0,78.0,6.89
Adult,25.6,98.0,86.0,4.37
Senior,26.7,105.0,219.0,8.88
Adult,28.6,95.0,108.0,10.1
Adult,25.9,96.0,68.0,19.77
Adult,20.1,92.0,81.0,7.77
Adult,26.4,89.0,66.0,5.75
Senior,30.7,94.0,147.0,4.12
Adult,33.6,97.0,122.0,17.75
Adult,23.4,99.0,98.0,4.5
Adult,36.4,166.0,88.0,28.83
Adult,23.7,79.0,66.0,7.86
Adult,25.9,113.0,139.0,6.15
Senior,21.1,133.0,199.0,7.19
Adult,32.0,101.0,111.0,12.92
Adult,21.9,83.0,112.0,21.85
Adult,27.2,94.0,126.0,12.22
Adult,24.4,91.0,78.0,5.9
Adult,18.5,79.0,79.0,6.56
Adult,29.1,91.0,80.0,10.23
Adult,29.5,95.0,219.0,13.61
Adult,31.5,111.0,85.0,11.65
Senior,25.9,104.0,91.0,10.53
Adult,23.8,90.0,125.0,8.08
Adult,32.2,95.0,95.0,11.5
Adult,25.6,98.0,90.0,8.03
Adult,40.4,101.0,113.0,22.59
Senior,24.0,91.0,107.0,8.25
Adult,42.3,127.0,167.0,60.79
Adult,18.3,97.0,100.0,5.0
Adult,27.0,94.0,116.0,6.78
Adult,40.2,91.0,77.0,6.24
Senior,23.9,111.0,210.0,4.03
Adult,29.9,98.0,99.0,5.86
Senior,35.3,101.0,234.0,12.9
Senior,25.8,92.0,102.0,8.38
Adult,30.3,94.0,110.0,16.68
Adult,26.9,100.0,103.0,6.41
Senior,21.5,108.0,150.0,2.36
Senior,29.0,126.0,170.0,22.9
Adult,24.2,87.0,79.0,12.02
Senior,24.8,97.0,80.0,3.98
Senior,23.9,91.0,101.0,4.76
Senior,39.3,122.0,173.0,23.17
Adult,34.4,127.0,204.0,14.88
Adult,21.6,100.0,140.0,3.38
Adult,25.6,81.0,71.0,5.96
Adult,31.4,93.0,93.0,7.43
Adult,17.3,96.0,100.0,6.38
Senior,20.8,93.0,184.0,4.15
Adult,22.1,86.0,55.0,5.32
Adult,18.6,99.0,71.0,2.08
Adult,35.6,98.0,134.0,15.54
Senior,26.8,98.0,82.0,11.23
Adult,18.5,83.0,163.0,2.44
Adult,25.0,93.0,120.0,7.31
Adult,30.8,84.0,88.0,13.61
Adult,50.3,94.0,111.0,29.01
Adult,21.3,97.0,92.0,7.01
Adult,32.9,94.0,85.0,7.54
Adult,31.2,103.0,106.0,12.64
Adult,20.1,89.0,54.0,9.7
Adult,21.3,93.0,113.0,10.15
Senior,24.7,112.0,173.0,2.86
Adult,22.3,93.0,71.0,4.98
Adult,43.2,97.0,157.0,19.06
Adult,23.9,107.0,85.0,7.75
Adult,35.3,150.0,274.0,34.89
Adult,30.4,83.0,146.0,16.1
Senior,28.4,133.0,266.0,6.41
Adult,18.5,89.0,160.0,2.54
Adult,49.3,94.0,58.0,5.04
Adult,33.0,108.0,142.0,7.51
Adult,21.5,85.0,60.0,3.5
Adult,32.5,92.0,83.0,12.31
Adult,31.3,91.0,90.0,7.02
Senior,22.9,82.0,163.0,4.92
Adult,22.2,93.0,94.0,17.76
Adult,30.2,100.0,103.0,8.46
Adult,33.1,95.0,62.0,10.15
Adult,35.5,99.0,196.0,18.98
Senior,31.0,97.0,184.0,4.64
Adult,34.5,98.0,84.0,13.42
Adult,27.7,100.0,83.0,13.36
Adult,34.0,210.0,459.0,19.39
Senior,31.2,99.0,130.0,24.97
Adult,29.0,128.0,120.0,8.91
Adult,29.5,104.0,164.0,6.9
Adult,34.3,130.0,265.0,28.33
Adult,19.1,87.0,79.0,5.25
Adult,30.6,97.0,153.0,34.47
Adult,23.2,92.0,108.0,13.66
Adult,28.4,92.0,94.0,15.72
Adult,23.3,90.0,65.0,4.71
Senior,39.2,136.0,152.0,13.92
Adult,35.3,111.0,78.0,11.58
Adult,33.7,97.0,84.0,11.77
Adult,26.4,94.0,78.0,5.86
Senior,32.4,99.0,54.0,5.89
Adult,19.8,101.0,109.0,8.27
Adult,30.8,90.0,112.0,13.26
Adult,21.2,106.0,113.0,9.3
Adult,23.3,96.0,95.0,8.4
Adult,29.2,86.0,59.0,3.91
Senior,22.0,101.0,94.0,8.53
Adult,17.1,98.0,98.0,13.31
Adult,23.5,107.0,131.0,10.13
Adult,19.6,88.0,87.0,7.12
Adult,22.8,120.0,242.0,17.92
Adult,26.3,95.0,120.0,6.67
Adult,37.1,82.0,82.0,8.01
Senior,26.5,100.0,100.0,4.69
Adult,25.1,96.0,63.0,4.02
Adult,25.5,98.0,89.0,6.14
Adult,29.4,90.0,94.0,6.15
Adult,30.8,114.0,132.0,26.31
Adult,23.4,96.0,122.0,8.49
Senior,26.2,94.0,118.0,16.98
Senior,31.6,103.0,149.0,12.45
Adult,29.2,91.0,144.0,9.77
Senior,19.5,94.0,70.0,9.97
Adult,21.5,86.0,86.0,3.36
Senior,24.0,147.0,228.0,6.65
Senior,27.6,113.0,146.0,13.4
Adult,28.4,107.0,78.0,23.31
Adult,31.2,90.0,64.0,8.89
Adult,30.4,104.0,100.0,11.81
Adult,20.8,89.0,104.0,7.11
Senior,32.8,103.0,98.0,22.11
Adult,21.3,96.0,96.0,5.28
Adult,16.5,100.0,110.0,4.21
Adult,28.7,87.0,104.0,15.29
Adult,23.5,90.0,89.0,7.77
Senior,25.7,88.0,99.0,9.01
Senior,22.3,99.0,144.0,7.97
Adult,18.4,87.0,128.0,1.13
Adult,20.5,92.0,84.0,13.12
Adult,22.6,84.0,80.0,4.17
Adult,24.0,100.0,97.0,12.7
Adult,22.9,98.0,76.0,12.62
Adult,27.5,114.0,143.0,14.09
Adult,31.6,95.0,135.0,22.63
Adult,28.3,90.0,121.0,27.69
Senior,26.6,100.0,119.0,6.11
Adult,23.4,130.0,49.0,30.86
Adult,26.7,116.0,103.0,4.19
Senior,32.5,109.0,141.0,3.5
Senior,27.5,126.0,265.0,11.81
Adult,18.9,90.0,90.0,11.17
Adult,37.1,89.0,120.0,26.64
Adult,35.9,89.0,109.0,4.99
Adult,22.4,89.0,144.0,4.37
Adult,19.7,95.0,82.0,6.48
Adult,26.3,109.0,123.0,3.63
Adult,33.7,100.0,149.0,19.24
Adult,16.9,80.0,80.0,4.33
Adult,27.8,94.0,116.0,9.57
Adult,26.3,109.0,120.0,13.03
Adult,27.3,100.0,52.0,10.83
Adult,37.7,93.0,149.0,31.77
Adult,31.1,102.0,114.0,16.37
Adult,23.0,107.0,134.0,11.63
Adult,24.1,97.0,114.0,3.21
Adult,29.2,118.0,100.0,13.18
Adult,20.0,70.0,63.0,4.19
Adult,25.0,98.0,103.0,5.71
Adult,20.0,98.0,139.0,11.04
Adult,26.5,97.0,137.0,9.19
Senior,19.7,110.0,184.0,3.8
Adult,33.9,99.0,101.0,15.39
Adult,19.2,104.0,111.0,16.17
Adult,25.0,127.0,296.0,7.62
Adult,25.1,87.0,77.0,7.03
Adult,20.0,95.0,112.0,5.07
Adult,27.5,90.0,139.0,6.66
Senior,25.1,97.0,114.0,13.34
Senior,24.9,105.0,124.0,5.87
Senior,31.7,87.0,104.0,6.45
Adult,56.9,118.0,134.0,35.46
Adult,23.5,90.0,116.0,9.6
Adult,24.4,99.0,172.0,4.84
Adult,27.8,78.0,68.0,7.75
Adult,23.1,99.0,88.0,3.19
Adult,21.5,91.0,104.0,6.06
Adult,44.2,87.0,82.0,11.73
Adult,21.9,101.0,56.0,2.63
Adult,24.3,91.0,72.0,9.27
Adult,24.3,91.0,106.0,12.1
Adult,30.5,96.0,128.0,12.49
Senior,27.8,102.0,122.0,7.87
Senior,31.0,108.0,150.0,15.35
Adult,31.5,100.0,69.0,11.35
Adult,30.2,96.0,143.0,12.01
Adult,27.1,104.0,124.0,10.6
Adult,39.2,99.0,69.0,44.41
Adult,20.9,93.0,94.0,6.75
Senior,29.4,87.0,105.0,3.43
Adult,28.1,102.0,109.0,8.77
Adult,45.9,102.0,100.0,33.03
Adult,27.5,90.0,103.0,9.18
Adult,21.5,85.0,56.0,2.28
Adult,26.7,107.0,178.0,8.1
Adult,30.4,108.0,132.0,12.03
Senior,27.1,100.0,93.0,5.12
Adult,25.1,87.0,73.0,7.07
Adult,32.4,95.0,94.0,3.68
Adult,31.9,97.0,104.0,18.11
Adult,25.0,80.0,97.0,5.49
Adult,45.5,105.0,76.0,17.11
Adult,35.4,87.0,76.0,22.48
Adult,36.9,100.0,97.0,25.43
Adult,43.7,115.0,184.0,17.15
Senior,22.0,91.0,48.0,6.14
Adult,38.6,94.0,158.0,8.46
Senior,30.8,94.0,140.0,15.4
Adult,26.7,101.0,176.0,6.76
Adult,31.4,93.0,91.0,4.33
Senior,30.6,112.0,156.0,12.15
Adult,31.6,100.0,108.0,11.26
Adult,43.4,91.0,171.0,40.3
Adult,41.3,105.0,56.0,18.98
Adult,29.5,94.0,109.0,10.86
Adult,21.1,106.0,129.0,8.13
Adult,31.2,95.0,134.0,8.7
Adult,28.2,92.0,74.0,6.29
Senior,41.5,147.0,284.0,22.97
Adult,29.6,91.0,80.0,6.13
Adult,25.6,121.0,132.0,11.31
Adult,25.8,100.0,100.0,8.9
Adult,28.9,113.0,85.0,13.23
Adult,15.4,94.0,161.0,2.35
Senior,24.5,90.0,112.0,12.85
Adult,29.6,104.0,158.0,19.2
Adult,36.9,89.0,101.0,5.74
Adult,28.6,107.0,125.0,5.24
Adult,25.7,100.0,80.0,6.47
Adult,25.1,91.0,117.0,12.08
Adult,21.1,97.0,74.0,6.79
Adult,26.5,94.0,40.0,3.74
Adult,22.1,86.0,110.0,2.8
Adult,38.3,149.0,248.0,22.9
Adult,58.7,108.0,186.0,27.86
Senior,28.7,129.0,346.0,13.72
Adult,25.8,105.0,109.0,14.45
Adult,28.3,89.0,124.0,14.1
Senior,33.6,102.0,162.0,18.21
Adult,26.6,96.0,103.0,11.1
Adult,24.4,106.0,104.0,8.18
Adult,26.8,114.0,88.0,4.1
Adult,58.4,101.0,117.0,36.16
Senior,26.7,104.0,90.0,7.98
Adult,29.8,95.0,85.0,12.26
Adult,38.8,179.0,304.0,10.47
Adult,21.7,101.0,89.0,9.29
Senior,31.1,110.0,179.0,18.66
Adult,29.6,100.0,56.0,5.31
Adult,25.3,90.0,66.0,5.01
Adult,20.7,94.0,88.0,12.24
Adult,31.3,118.0,101.0,26.73
Adult,18.5,90.0,116.0,9.24
Senior,22.1,98.0,122.0,4.34
Adult,27.3,90.0,92.0,9.24
Adult,21.5,96.0,83.0,15.98
Senior,28.7,94.0,99.0,3.51
Adult,26.6,134.0,312.0,8.84
Adult,25.0,99.0,98.0,10.68
Adult,29.9,100.0,146.0,10.93
Adult,26.0,96.0,83.0,5.04
Adult,28.3,97.0,102.0,6.62
Adult,17.0,88.0,97.0,7.76
Senior,21.3,80.0,74.0,4.47
Adult,39.6,101.0,182.0,40.87
Adult,26.3,88.0,115.0,5.46
Adult,22.5,96.0,106.0,3.78
Adult,35.0,91.0,142.0,11.6
Adult,29.3,96.0,82.0,10.92
Adult,22.6,98.0,82.0,11.09
Adult,32.2,99.0,157.0,13.26
Senior,28.9,104.0,123.0,9.14
Senior,21.4,112.0,189.0,3.94
Adult,27.7,111.0,114.0,13.57
Senior,27.4,88.0,107.0,3.72
Adult,29.8,120.0,183.0,8.06
Senior,27.0,109.0,152.0,3.35
Adult,22.4,116.0,110.0,12.0
Adult,31.1,91.0,103.0,18.56
Senior,23.8,101.0,87.0,9.35
Adult,36.1,106.0,121.0,10.44
Adult,38.6,89.0,109.0,15.5
Adult,23.0,88.0,77.0,5.6
Senior,22.7,85.0,99.0,3.5
Adult,36.5,101.0,113.0,18.94
Adult,37.3,110.0,168.0,22.31
Adult,18.5,97.0,93.0,7.15
Adult,22.8,96.0,120.0,9.66
Adult,23.9,94.0,114.0,7.63
Adult,21.9,97.0,95.0,14.13
Adult,29.4,84.0,75.0,5.78
Senior,33.2,124.0,304.0,31.78
Adult,22.7,77.0,121.0,2.89
Senior,30.7,102.0,101.0,7.24
Adult,43.2,85.0,83.0,31.08
Adult,23.7,102.0,103.0,7.97
Adult,27.0,96.0,92.0,2.72
Adult,26.2,93.0,132.0,4.7
Adult,31.9,90.0,127.0,6.13
Adult,26.7,118.0,190.0,7.39
Adult,24.9,97.0,139.0,4.39
Adult,32.2,94.0,126.0,18.14
Adult,49.9,102.0,95.0,19.46
Adult,20.6,93.0,87.0,6.72
Adult,24.0,93.0,117.0,6.45
Adult,33.2,92.0,74.0,12.56
Adult,30.7,100.0,161.0,19.12
Senior,16.8,93.0,121.0,2.45
Adult,22.7,93.0,87.0,10.38
Adult,29.6,97.0,156.0,33.64
Adult,24.9,102.0,93.0,8.12
Senior,21.8,102.0,128.0,5.24
Adult,19.0,97.0,128.0,1.3
Adult,33.5,96.0,115.0,10.76
Adult,40.4,98.0,86.0,14.72
Adult,21.9,86.0,88.0,5.41
Adult,19.9,94.0,132.0,3.99
Adult,32.6,99.0,113.0,25.3
Senior,20.9,90.0,106.0,2.28
Senior,23.8,89.0,107.0,3.22
Adult,19.9,85.0,74.0,8.05
Senior,35.5,101.0,160.0,28.76
Senior,22.5,99.0,197.0,11.41
Adult,34.2,109.0,61.0,8.58
Adult,20.6,80.0,77.0,3.32
Adult,24.2,96.0,90.0,13.17
Adult,32.9,97.0,116.0,14.1
Adult,33.8,88.0,80.0,6.67
Adult,29.1,101.0,115.0,9.23
Adult,28.4,110.0,193.0,4.82
Senior,24.0,108.0,116.0,7.29
Senior,36.5,89.0,111.0,6.85
Senior,29.4,103.0,115.0,19.41
Adult,35.3,108.0,139.0,18.32
Adult,27.2,89.0,76.0,11.47
Senior,26.7,128.0,235.0,10.39
Adult,34.7,98.0,80.0,24.64
Adult,29.2,89.0,90.0,6.68
Adult,17.6,92.0,136.0,7.31
Adult,52.6,123.0,143.0,22.69
Adult,27.4,105.0,80.0,7.64
Adult,35.6,106.0,123.0,52.47
Adult,25.8,110.0,155.0,15.57
Adult,21.7,94.0,84.0,4.28
Senior,22.3,103.0,123.0,4.21
Adult,24.4,75.0,90.0,2.81
Adult,24.0,100.0,80.0,6.44
Adult,31.7,130.0,125.0,17.67
Senior,27.3,98.0,119.0,6.11
Adult,27.0,102.0,140.0,17.08
Senior,37.9,118.0,177.0,34.84
Adult,26.2,103.0,134.0,10.15
Adult,37.4,111.0,97.0,63.69
Adult,26.5,109.0,101.0,7.26
Adult,26.3,91.0,64.0,12.59
Adult,22.0,103.0,164.0,4.38
Adult,28.1,85.0,118.0,12.6
Senior,23.4,101.0,151.0,5.01
Adult,25.8,102.0,129.0,18.65
Adult,27.3,93.0,100.0,8.63
Senior,22.7,95.0,112.0,2.92
Adult,23.9,96.0,77.0,3.52
Senior,24.5,90.0,99.0,5.42
Adult,24.4,90.0,139.0,10.86
Adult,29.1,92.0,92.0,11.97
Adult,18.8,96.0,90.0,5.68
Adult,22.5,96.0,76.0,11.26
Senior,32.8,95.0,219.0,13.44
Adult,22.3,95.0,102.0,14.67
Adult,34.4,103.0,91.0,12.95
Adult,27.8,109.0,103.0,10.81
Adult,31.3,94.0,117.0,10.13
Adult,24.0,94.0,93.0,11.06
Senior,27.5,129.0,240.0,14.44
Adult,23.7,83.0,101.0,4.7
Adult,27.4,98.0,91.0,5.47
Adult,19.0,91.0,64.0,4.8
Adult,20.1,88.0,90.0,11.88
Adult,22.7,94.0,116.0,6.44
Senior,27.3,103.0,153.0,9.45
Adult,22.7,94.0,71.0,6.61
Adult,29.4,98.0,138.0,6.78
Adult,30.4,103.0,98.0,9.6
Adult,30.1,99.0,100.0,12.95
Senior,42.8,96.0,92.0,10.07
Adult,24.8,99.0,132.0,5.58
Adult,20.4,82.0,117.0,1.91
Adult,23.7,75.0,91.0,9.95
Adult,19.2,103.0,91.0,8.37
Adult,23.5,96.0,59.0,3.84
Adult,33.4,117.0,115.0,34.02
Adult,19.4,83.0,126.0,14.26
Adult,23.7,87.0,98.0,4.64
Adult,32.4,92.0,81.0,8.27
Adult,35.8,96.0,91.0,11.2
Adult,22.2,107.0,103.0,11.96
Adult,22.9,104.0,60.0,8.08
Adult,25.8,97.0,88.0,11.13
Adult,28.8,84.0,75.0,6.45
Senior,20.2,101.0,167.0,5.36
Adult,28.0,96.0,114.0,20.04
Adult,30.9,90.0,93.0,8.66
Senior,27.5,88.0,90.0,5.69
Senior,24.1,94.0,165.0,6.08
Adult,22.2,92.0,119.0,8.63
Adult,22.9,109.0,123.0,4.78
Adult,25.7,101.0,94.0,8.16
Adult,32.2,119.0,112.0,34.22
Adult,38.0,104.0,85.0,19.03
Senior,31.1,85.0,83.0,5.28
Adult,67.5,114.0,120.0,47.31
Adult,27.9,95.0,115.0,13.11
Adult,36.1,100.0,88.0,5.12
Adult,23.9,102.0,76.0,17.88
Adult,21.4,88.0,84.0,4.67
Adult,31.1,104.0,161.0,25.46
Senior,26.4,103.0,122.0,13.53
Senior,27.6,121.0,104.0,2.31
Adult,29.3,98.0,45.0,8.45
Adult,32.5,102.0,149.0,13.16
Adult,39.5,89.0,109.0,8.12
Adult,22.8,103.0,82.0,1.59
Adult,39.5,106.0,128.0,16.38
Adult,22.6,107.0,184.0,5.16
Adult,20.8,99.0,73.0,8.43
Adult,41.3,95.0,132.0,25.52
Senior,27.6,125.0,139.0,15.66
Adult,25.6,79.0,125.0,42.04
Adult,28.7,104.0,93.0,5.85
Senior,33.7,110.0,48.0,16.0
Adult,19.9,94.0,75.0,3.53
Senior,37.3,114.0,94.0,17.9
Senior,24.3,97.0,167.0,3.42
Adult,40.5,155.0,315.0,24.69
Senior,23.2,102.0,165.0,20.98
Adult,29.0,128.0,155.0,4.06
Adult,28.4,98.0,154.0,4.88
Adult,21.0,106.0,117.0,5.1
Adult,36.8,106.0,131.0,8.22
Adult,21.4,108.0,90.0,4.68
Adult,31.3,132.0,226.0,34.67
Adult,29.5,105.0,133.0,15.45
Adult,19.1,95.0,92.0,2.05
Adult,24.4,92.0,74.0,6.28
Adult,21.1,83.0,76.0,4.1
Senior,31.9,121.0,145.0,17.3
Adult,20.7,101.0,166.0,6.55
Adult,20.2,82.0,75.0,3.91
Senior,28.6,127.0,252.0,15.0
Senior,29.4,84.0,68.0,4.33
Adult,24.0,103.0,91.0,10.11
Adult,30.7,103.0,81.0,11.17
Adult,28.0,105.0,114.0,6.47
Adult,24.1,93.0,144.0,11.03
Adult,32.0,104.0,92.0,13.51
Adult,21.7,97.0,105.0,6.75
Adult,24.1,79.0,67.0,16.7
Senior,23.9,114.0,243.0,6.98
Senior,31.0,107.0,148.0,8.7
Adult,16.2,93.0,96.0,9.77
Adult,20.9,106.0,89.0,5.38
Adult,32.1,94.0,105.0,12.97
Senior,28.8,111.0,117.0,15.62
Senior,39.4,127.0,89.0,11.9
Adult,26.4,89.0,99.0,5.65
Adult,18.6,94.0,70.0,6.37
Adult,23.3,84.0,115.0,2.84
Adult,21.5,98.0,155.0,4.86
Adult,27.7,99.0,163.0,10.27
Adult,25.5,96.0,102.0,5.04
Adult,22.7,97.0,145.0,3.55
Adult,29.6,102.0,52.0,7.9
Adult,32.7,128.0,77.0,25.05
Adult,16.9,99.0,94.0,14.95
Adult,18.3,89.0,98.0,3.6
Adult,26.8,91.0,94.0,20.38
Adult,16.6,93.0,108.0,9.65
Adult,31.6,105.0,121.0,18.27
Adult,25.6,84.0,123.0,8.71
Adult,36.9,113.0,197.0,40.33
Adult,21.9,96.0,41.0,6.06
Adult,26.3,103.0,129.0,14.17
Adult,25.5,95.0,91.0,12.69
Adult,22.7,90.0,110.0,10.41
Adult,50.0,131.0,172.0,23.75
Senior,34.5,87.0,123.0,6.53
Adult,28.8,93.0,94.0,9.91
Adult,25.1,87.0,94.0,6.35
Adult,19.7,92.0,153.0,11.99
Adult,22.3,84.0,87.0,1.44
Adult,32.8,127.0,287.0,13.64
Adult,20.0,100.0,115.0,13.78
Adult,27.0,95.0,78.0,8.15
Adult,40.0,97.0,128.0,13.18
Adult,30.0,84.0,130.0,13.1
Adult,20.0,88.0,91.0,9.4
Adult,19.9,84.0,118.0,4.37
Adult,25.8,84.0,104.0,18.11
Senior,36.1,114.0,90.0,22.71
Adult,20.5,93.0,76.0,6.66
Senior,44.0,81.0,74.0,21.46
Adult,37.3,138.0,126.0,32.79
Senior,24.9,105.0,100.0,9.5
Adult,29.4,96.0,92.0,10.1
Adult,26.7,94.0,117.0,5.04
Adult,34.3,333.0,510.0,21.87
Adult,24.6,96.0,107.0,10.08
Adult,36.4,96.0,107.0,29.18
Adult,29.7,96.0,110.0,7.04
Senior,24.2,116.0,157.0,13.81
Adult,20.5,88.0,144.0,3.74
Adult,18.3,97.0,154.0,3.39
Adult,30.0,101.0,149.0,15.82
Senior,27.9,111.0,72.0,13.91
Adult,27.4,90.0,108.0,4.99
Adult,24.5,108.0,108.0,3.76
