treatment_group,bilirubin_level,albumin_level,cholesterol_level,survival_days
D-penicillamine,14.5,2.6,261,400
D-penicillamine,1.1,4.14,302,4500
D-penicillamine,1.4,3.48,176,1012
D-penicillamine,1.8,2.54,244,1925
Placebo,3.4,3.53,279,1504
Placebo,0.8,3.98,248,2503
Placebo,1.0,4.09,322,1832
Placebo,0.3,4.0,280,2466
D-penicillamine,3.2,3.08,562,2400
Placebo,12.6,2.74,200,51
Placebo,1.4,4.16,259,3762
Placebo,3.6,3.52,236,304
Placebo,0.7,3.85,281,3577
Placebo,0.8,2.27,NaNN,1217
D-penicillamine,0.8,3.87,231,3584
Placebo,0.7,3.66,204,3672
Placebo,2.7,3.15,274,769
D-penicillamine,11.4,2.8,178,131
D-penicillamine,0.7,3.56,235,4232
Placebo,5.1,3.51,374,1356
Placebo,0.6,3.83,252,3445
D-penicillamine,3.4,3.63,271,673
Placebo,17.4,2.94,395,264
D-penicillamine,2.1,4.0,456,4079
Placebo,0.7,4.1,298,4127
Placebo,5.2,3.68,1128,1444
Placebo,21.6,3.31,175,77
Placebo,17.2,3.23,222,549
Placebo,0.7,3.78,370,4509
Placebo,3.6,2.54,260,321
Placebo,4.7,3.44,296,3839
Placebo,1.8,3.34,262,4523
Placebo,0.8,3.19,210,3170
D-penicillamine,0.8,3.7,364,3933
Placebo,1.2,3.2,314,2847
Placebo,0.3,3.39,172,3611
D-penicillamine,7.1,3.01,334,223
Placebo,3.3,3.53,383,3244
D-penicillamine,0.7,3.0,282,2297
D-penicillamine,1.3,3.34,NaNN,4467
D-penicillamine,6.8,3.26,NaNN,1350
Placebo,2.1,3.54,NaNN,4453
D-penicillamine,1.1,3.64,361,4556
Placebo,3.3,3.55,299,3428
Placebo,0.6,3.93,NaNN,4025
D-penicillamine,5.7,2.84,482,2256
Placebo,0.5,3.65,316,2576
Placebo,1.9,3.7,259,4427
Placebo,0.8,3.82,NaNN,708
D-penicillamine,1.1,3.36,257,2598
Placebo,0.8,3.6,276,3853
D-penicillamine,6.0,3.7,614,2386
D-penicillamine,2.6,3.1,NaNN,1000
D-penicillamine,1.3,3.4,288,1434
D-penicillamine,1.8,3.94,416,1360
Placebo,1.1,3.8,498,1847
D-penicillamine,2.3,3.18,260,3282
D-penicillamine,0.7,4.08,242,4459
D-penicillamine,0.8,3.5,329,2224
D-penicillamine,0.9,3.4,604,4365
Placebo,0.6,3.94,216,4256
Placebo,1.3,2.75,302,3090
Placebo,22.5,3.12,932,859
Placebo,2.1,3.5,373,1487
D-penicillamine,1.2,3.6,256,3992
D-penicillamine,1.4,3.7,427,4191
Placebo,1.1,3.91,466,2769
D-penicillamine,0.7,4.09,174,4039
D-penicillamine,20.0,3.46,652,1170
D-penicillamine,0.6,4.64,NaNN,3458
Placebo,1.2,3.57,258,4196
Placebo,0.5,3.54,320,4184
Placebo,0.7,3.6,132,4190
D-penicillamine,8.4,3.99,558,1827
D-penicillamine,17.1,2.53,674,1191
D-penicillamine,12.2,3.08,394,71
Placebo,6.6,3.41,244,326
D-penicillamine,6.3,3.02,436,1690
D-penicillamine,0.8,4.24,315,3707
Placebo,7.2,3.72,247,890
D-penicillamine,14.4,3.65,448,2540
D-penicillamine,4.5,4.09,472,3574
D-penicillamine,1.3,3.5,250,4050
Placebo,0.4,3.76,263,4032
Placebo,2.1,3.48,262,3358
D-penicillamine,5.0,3.21,1600,1657
D-penicillamine,1.1,4.4,345,198
Placebo,0.6,4.06,296,2452
D-penicillamine,2.0,3.65,408,1741
D-penicillamine,1.6,4.22,660,2689
Placebo,5.0,3.47,325,460
D-penicillamine,1.4,3.13,206,388
D-penicillamine,1.3,3.67,353,3913
D-penicillamine,3.2,3.11,201,750
Placebo,17.4,2.64,NaNN,130
D-penicillamine,1.0,3.7,NaNN,3850
Placebo,2.0,3.26,420,611
D-penicillamine,1.0,3.77,239,3823
Placebo,1.8,3.35,460,3820
Placebo,2.3,3.0,178,552
Placebo,0.9,3.6,400,3581
D-penicillamine,0.9,3.97,248,3099
Placebo,2.5,3.67,188,110
D-penicillamine,1.1,3.64,303,3086
Placebo,1.1,4.2,464,3092
D-penicillamine,2.1,3.9,NaNN,3222
Placebo,0.6,4.03,212,3388
D-penicillamine,0.4,3.5,127,2583
Placebo,0.5,3.61,120,2504
D-penicillamine,1.9,3.54,486,2105
D-penicillamine,5.5,4.18,528,2350
Placebo,2.0,3.67,267,3445
D-penicillamine,6.7,3.74,374,980
Placebo,3.2,4.3,259,3395
Placebo,0.7,4.19,303,3422
D-penicillamine,3.0,3.63,458,3336
D-penicillamine,6.5,3.11,950,1083
D-penicillamine,3.5,3.3,390,2288
D-penicillamine,0.6,3.83,636,515
D-penicillamine,3.5,3.98,325,2033
Placebo,1.3,3.08,151,191
D-penicillamine,0.6,4.13,298,3297
D-penicillamine,5.1,3.23,NaNN,971
D-penicillamine,0.6,3.9,251,3069
Placebo,1.3,3.51,316,2468
D-penicillamine,1.2,3.12,269,824
Placebo,0.5,4.08,268,3255
D-penicillamine,16.2,2.89,NaNN,1037
D-penicillamine,0.9,3.87,420,3239
Placebo,17.4,3.43,1775,1413
Placebo,2.8,3.8,242,850
D-penicillamine,1.9,3.83,448,2944
Placebo,1.5,3.95,331,2796
Placebo,0.7,3.67,578,3149
D-penicillamine,0.4,3.57,263,3150
D-penicillamine,0.8,3.35,263,3098
D-penicillamine,1.1,3.6,399,2990
D-penicillamine,7.3,3.93,426,1297
Placebo,1.1,3.31,328,2106
D-penicillamine,1.1,4.09,290,3059
D-penicillamine,0.9,3.77,346,3050
Placebo,1.0,3.48,364,2419
Placebo,2.9,3.6,332,786
Placebo,28.0,3.26,556,943
Placebo,0.7,3.84,309,2976
Placebo,1.2,3.89,NaNN,2615
D-penicillamine,1.2,3.37,288,2995
Placebo,7.2,3.26,1015,1427
D-penicillamine,3.0,3.79,257,762
Placebo,1.0,3.63,NaNN,2891
D-penicillamine,0.9,3.03,460,2870
D-penicillamine,2.3,3.01,586,1152
D-penicillamine,0.5,3.85,217,2863
D-penicillamine,2.4,2.56,168,140
Placebo,0.6,3.35,220,2666
Placebo,25.5,3.52,358,853
Placebo,0.6,3.42,286,2835
D-penicillamine,3.4,3.37,450,2475
Placebo,2.5,3.46,317,1536
Placebo,0.6,3.62,217,2772
Placebo,2.3,3.56,502,2797
Placebo,3.2,3.19,260,186
D-penicillamine,0.3,4.08,233,2055
Placebo,8.5,3.34,NaNN,264
D-penicillamine,4.0,3.45,196,1077
Placebo,5.7,3.26,1480,2721
D-penicillamine,0.9,3.86,376,1682
Placebo,0.4,3.8,257,2713
Placebo,1.3,4.22,408,1212
D-penicillamine,1.2,3.61,390,2692
D-penicillamine,0.5,4.52,NaNN,2574
Placebo,1.3,3.34,205,2301
D-penicillamine,3.0,3.42,236,2657
D-penicillamine,0.5,3.85,NaNN,2644
Placebo,0.8,3.8,283,2624
D-penicillamine,3.2,3.56,NaNN,1492
Placebo,0.9,4.01,258,2609
D-penicillamine,0.6,4.08,NaNN,2580
Placebo,1.8,3.83,396,2573
Placebo,4.7,4.38,478,2563
D-penicillamine,1.4,3.58,248,2556
D-penicillamine,0.6,3.69,NaNN,2555
Placebo,0.5,3.73,201,2241
Placebo,11.0,3.55,674,974
D-penicillamine,0.8,3.54,256,2527
D-penicillamine,2.0,3.53,225,1576
Placebo,14.0,3.43,808,733
D-penicillamine,0.7,3.48,187,2332
Placebo,1.3,3.63,360,2456
D-penicillamine,2.3,3.93,NaNN,2504
Placebo,24.5,3.35,1092,216
D-penicillamine,0.9,3.69,308,2443
Placebo,10.8,3.19,932,797
D-penicillamine,1.5,4.3,293,2449
D-penicillamine,3.7,3.9,347,2330
D-penicillamine,1.4,3.36,226,2363
D-penicillamine,0.6,3.97,266,2365
Placebo,0.7,2.9,286,2357
D-penicillamine,2.1,3.43,392,1592
Placebo,4.7,3.55,236,2318
Placebo,0.6,3.2,235,2294
D-penicillamine,0.5,3.8,223,2272
Placebo,0.5,4.04,149,2221
Placebo,0.7,3.74,255,2090
D-penicillamine,2.5,3.55,382,2081
D-penicillamine,0.6,4.07,213,2255
D-penicillamine,0.6,3.33,NaNN,2171
D-penicillamine,3.9,3.2,396,904
Placebo,0.7,4.01,252,2216
Placebo,0.9,3.37,346,2224
Placebo,1.3,3.76,NaNN,2195
Placebo,1.2,3.98,232,2176
D-penicillamine,0.5,3.4,400,2178
Placebo,0.9,3.43,404,1786
Placebo,5.9,3.85,1276,1080
D-penicillamine,0.5,3.68,NaNN,2168
Placebo,11.4,3.31,608,790
D-penicillamine,0.5,3.89,NaNN,2170
Placebo,1.6,4.17,215,2157
D-penicillamine,3.8,3.22,426,1235
Placebo,0.9,3.65,360,2050
Placebo,4.5,3.38,372,597
D-penicillamine,14.1,2.43,448,334
D-penicillamine,1.0,3.66,309,1945
D-penicillamine,0.7,3.66,274,2022
Placebo,0.5,3.7,223,1978
D-penicillamine,2.3,3.35,316,999
Placebo,0.7,3.35,215,1967
D-penicillamine,4.5,3.05,191,348
Placebo,3.3,3.41,302,1979
Placebo,3.4,1.96,518,1165
D-penicillamine,0.4,3.02,267,1951
D-penicillamine,0.9,3.06,514,1932
Placebo,0.9,3.35,578,1776
Placebo,13.0,4.16,1336,1882
D-penicillamine,1.5,3.79,253,1908
D-penicillamine,1.6,2.95,442,1882
Placebo,0.6,3.35,280,1874
D-penicillamine,0.8,2.94,300,694
D-penicillamine,0.4,3.72,232,1831
Placebo,4.4,3.62,316,837
D-penicillamine,1.9,2.97,354,1810
Placebo,8.0,2.81,468,930
D-penicillamine,3.9,3.22,350,1690
Placebo,0.6,3.65,273,1790
D-penicillamine,2.1,3.77,387,1435
D-penicillamine,6.1,2.83,1712,732
Placebo,0.8,3.51,324,1785
D-penicillamine,1.3,3.2,242,1783
Placebo,0.6,3.36,299,1769
D-penicillamine,0.5,3.61,227,1457
D-penicillamine,1.1,3.35,246,1770
D-penicillamine,7.1,3.03,243,1765
D-penicillamine,3.1,3.75,227,737
Placebo,0.7,3.85,193,1735
D-penicillamine,1.1,3.74,336,1701
D-penicillamine,0.5,4.23,280,1614
D-penicillamine,1.1,3.44,414,1702
Placebo,3.1,2.97,277,1615
Placebo,5.6,3.59,232,1656
Placebo,3.2,3.14,375,1677
Placebo,2.8,3.06,322,1666
Placebo,1.1,3.57,432,1301
Placebo,3.4,3.12,356,1542
Placebo,3.5,3.2,348,1084
D-penicillamine,0.5,3.32,318,1614
D-penicillamine,6.6,2.33,222,179
D-penicillamine,6.4,2.75,344,1191
Placebo,3.6,3.5,374,1363
D-penicillamine,1.0,3.74,448,1568
Placebo,1.0,3.5,321,1569
D-penicillamine,0.5,2.93,226,1525
Placebo,2.2,3.46,328,1558
D-penicillamine,1.6,3.07,NaNN,1447
D-penicillamine,2.2,3.77,572,1349
D-penicillamine,1.0,3.85,219,1481
Placebo,1.0,3.56,317,1434
Placebo,5.6,3.7,338,1420
Placebo,0.5,3.77,198,1433
D-penicillamine,1.6,3.69,325,1412
D-penicillamine,17.9,2.1,175,41
Placebo,1.3,3.52,304,1455
Placebo,1.1,3.99,412,1030
Placebo,1.3,3.44,291,1418
D-penicillamine,0.8,3.48,253,1401
D-penicillamine,2.0,3.36,310,1408
D-penicillamine,6.4,3.46,373,1234
Placebo,8.7,3.89,310,1067
D-penicillamine,4.0,3.99,416,799
D-penicillamine,1.4,3.57,294,1363
D-penicillamine,3.2,3.18,339,901
Placebo,8.6,3.73,546,1329
Placebo,8.5,2.98,194,1320
D-penicillamine,6.6,3.07,1000,1302
D-penicillamine,2.4,3.83,646,877
Placebo,0.8,3.31,328,1321
D-penicillamine,1.2,3.43,275,533
Placebo,1.1,3.37,340,1300
D-penicillamine,2.4,3.76,342,1293
Placebo,5.2,2.23,NaNN,207
Placebo,1.0,3.57,393,1295
D-penicillamine,0.7,3.95,335,1271
Placebo,1.0,3.25,372,1250
D-penicillamine,0.5,3.93,219,1230
Placebo,2.9,3.61,426,1216
Placebo,0.6,3.45,239,1216
Placebo,0.8,3.56,273,1149
D-penicillamine,0.4,3.58,246,1153
Placebo,0.4,2.75,260,994
D-penicillamine,1.7,3.35,434,939
D-penicillamine,2.0,3.16,247,839
Placebo,6.4,3.79,576,788
NaNN,0.7,3.65,,4062
,1.4,3.04,,3561
,0.7,4.03,,2844
,0.7,3.96,,2071
,0.8,2.48,,3030
,0.7,3.68,,1680
,5.0,2.93,,41
,0.4,3.81,,2403
,1.3,3.41,,1170
,1.1,3.69,,2011
,0.6,4.04,,3523
,0.6,3.94,,3468
,1.8,3.24,,4795
,1.5,3.42,,1236
,1.2,3.99,,4214
,1.0,3.6,,2111
,0.7,3.4,,1462
,3.5,3.63,,1746
,3.1,3.56,,94
,12.6,2.87,,785
,2.8,3.92,,1518
,7.1,3.51,,466
,0.6,4.15,,3527
,2.1,3.34,,2635
,1.8,3.64,,2286
,16.0,3.42,,791
,0.6,4.38,,3492
,5.4,4.19,,3495
,9.0,3.29,,111
,0.9,4.01,,3231
,11.1,2.84,,625
,8.9,3.76,,3157
,0.5,3.76,,3021
,0.6,3.81,,559
,3.4,3.92,,2812
,0.9,3.14,,2834
,1.4,3.82,,2855
,2.1,4.1,,662
,15.0,3.4,,727
,0.6,4.19,,2716
,1.3,3.4,,2698
,1.3,3.12,,990
,1.6,3.75,,2338
,2.2,3.26,,1616
,3.0,3.46,,2563
,0.8,3.49,,2537
,0.8,2.89,,2534
,1.8,3.15,,778
,5.5,2.31,,617
,18.0,3.04,,2267
,0.6,3.5,,2249
,2.7,3.35,,359
,0.9,3.58,,1925
,1.3,3.01,,249
,1.1,3.49,,2202
,13.8,2.77,,43
,4.4,4.52,,1197
,16.0,3.36,,1095
,7.3,3.52,,489
,0.6,3.55,,2149
,0.7,3.29,,2103
,0.7,3.1,,1980
,1.7,3.24,,1347
,9.5,3.63,,1478
,2.2,3.76,,1987
,1.8,3.62,,1168
,3.3,2.73,,597
,2.9,4.08,,1725
,1.7,3.66,,1899
,14.0,2.58,,221
,0.8,3.0,,1022
,1.3,3.4,,1639
,0.7,2.93,,1635
,1.7,2.38,,1654
,13.6,3.0,,1653
,0.9,3.5,,1560
,0.7,3.06,,1581
,3.0,3.15,,1419
,1.2,2.8,,1443
,0.4,3.03,,1368
,0.7,2.96,,193
,2.0,3.07,,1367
,1.4,3.98,,1329
,1.6,3.48,,1343
,0.5,3.65,,1328
,7.3,3.49,,1375
,8.1,2.82,,1260
,0.5,3.34,,1223
,4.2,3.19,,935
,0.8,3.01,,943
,2.5,3.33,,1141
,4.6,3.6,,1092
,1.0,3.64,,1150
,4.5,2.68,,703
,1.1,3.69,,1129
,1.9,3.17,,1086
,0.7,3.73,,1067
,1.5,3.81,,1072
,0.6,3.57,,1119
,1.0,3.58,,1097
,0.7,3.23,,989
,1.2,2.96,,681
,0.9,3.83,,1103
,1.6,3.42,,1055
,0.8,3.75,,691
,0.7,3.29,,976
